name,email,street,city,state,non_pii,user_query
Harper Garcia,harper.garcia13@adatum.org,4022 Aspen Ct,Atlanta,WV,tier=premium,rollback deployment
Taylor Hernandez,taylor.hernandez64@contoso.com,498 Pine Rd,Phoenix,IA,team=data-eng,add dataset to workspace
Alex White,alex.white35@woodgrove.co,6883 Aspen Ct,San Jose,PA,env=prod,how to reset my password?
Dakota Lee,dakota.lee30@northwind.example,5584 Sycamore Pl,Atlanta,IN,dataset=reviews,enable 2fa
Taylor Moore,taylor.moore22@adatum.org,5645 Center St,Nashville,AZ,region=us-west,configure dlp policy
Finley Garcia,finley.garcia58@contoso.com,9054 Spruce Ter,Kansas City,SD,team=security,enable sso
Kendall Johnson,kendall.johnson18@contoso.com,3743 Spruce Ter,Denver,IA,tier=premium,create service principal
Rowan Anderson,rowan.anderson91@adatum.org,2674 Lakeview Ave,Miami,IN,region=us-east,update billing info
Sawyer Young,sawyer.young97@contoso.com,9990 Willow Way,Minneapolis,WA,env=dev,change notification settings
Bailey Moore,bailey.moore44@woodgrove.co,3608 River Rd,Kansas City,WY,product=contoso-analytics,share dashboard with team
Remy Nguyen,remy.nguyen50@northwind.example,4396 Pine Rd,Phoenix,OR,region=us-west,api rate limits
Avery Martinez,avery.martinez73@northwind.example,7527 Birch Blvd,Nashville,FL,env=dev,rollback deployment
Finley Jones,finley.jones84@northwind.example,9570 Sunset Blvd,Miami,IA,feature=ner,deploy to staging
Hayden Patel,hayden.patel16@contoso.com,2514 Willow Way,Salt Lake City,UT,browser=edge,add dataset to workspace
Taylor Moore,taylor.moore58@woodgrove.co,7678 Hillcrest Rd,Nashville,OK,product=contoso-analytics,enable 2fa
Cameron Allen,cameron.allen78@adatum.org,5583 Cedar Ln,Columbus,NV,feature=ner,configure dlp policy
Alex Rodriguez,alex.rodriguez43@woodgrove.co,2937 Hillcrest Rd,Buffalo,CT,region=us-east,set up webhooks
Remy Martinez,remy.martinez74@woodgrove.co,3268 Birch Blvd,Miami,WI,feature=ner,rollback deployment
Dakota Young,dakota.young77@contoso.com,9823 River Rd,Tampa,AK,tier=premium,enable sso
Sage Walker,sage.walker49@fabrikam.io,959 Aspen Ct,Newark,OR,tier=premium,export report to csv
Payton Thomas,payton.thomas18@woodgrove.co,2070 Birch Blvd,Pittsburgh,NM,team=data-eng,change notification settings
Rowan Jackson,rowan.jackson87@northwind.example,3480 Park Ave,Richmond,WA,region=us-west,schedule a meeting
Sawyer Davis,sawyer.davis61@adatum.org,7187 Hillcrest Rd,San Jose,DE,env=dev,share dashboard with team
Taylor Miller,taylor.miller12@woodgrove.co,9085 Aspen Ct,Detroit,IA,product=contoso-analytics,export report to csv
Sawyer Martinez,sawyer.martinez17@fabrikam.io,1114 Oak St,St. Louis,MI,tier=premium,deploy to staging
Quinn Jones,quinn.jones95@northwind.example,3520 Park Ave,Atlanta,WA,team=security,create dataflow in fabric
Hayden Williams,hayden.williams70@northwind.example,3129 Cedar Ln,Boston,TX,browser=edge,enable sso
Skyler Taylor,skyler.taylor69@contoso.com,1622 Oak St,Charlotte,WA,dataset=reviews,enable 2fa
Quinn Johnson,quinn.johnson34@woodgrove.co,7360 Birch Blvd,San Diego,ID,env=prod,configure dlp policy
Quinn Hall,quinn.hall19@northwind.example,9026 Cedar Ln,Austin,TN,team=data-eng,how to reset my password?
Taylor Young,taylor.young40@fabrikam.io,6668 Forest Way,Tampa,IN,browser=edge,track order status
Riley Moore,riley.moore10@northwind.example,4355 Meadow Ln,Columbus,NV,region=us-west,rollback deployment
Cameron Clark,cameron.clark72@fabrikam.io,3121 Spruce Ter,Phoenix,AR,team=security,rollback deployment
Jordan Rodriguez,jordan.rodriguez50@contoso.com,831 Broad St,Tampa,NC,team=data-eng,change notification settings
Jordan Jackson,jordan.jackson20@fabrikam.io,1132 Center St,Denver,UT,env=dev,create service principal
Morgan Allen,morgan.allen82@fabrikam.io,9495 Center St,Austin,SC,tier=premium,rotate api keys
Cameron Hernandez,cameron.hernandez82@woodgrove.co,5193 Sycamore Pl,Phoenix,TX,region=us-west,api rate limits
Quinn Jones,quinn.jones60@fabrikam.io,4925 Meadow Ln,Dallas,WI,tier=premium,how to reset my password?
Bailey Thompson,bailey.thompson82@contoso.com,1210 Park Ave,Phoenix,NC,env=prod,delete my account
Blake Wilson,blake.wilson18@fabrikam.io,6064 Spruce Ter,Chicago,NH,team=data-eng,set up webhooks
Logan Lee,logan.lee93@woodgrove.co,138 Park Ave,Columbus,TX,tier=premium,delete my account
Rowan Garcia,rowan.garcia23@woodgrove.co,2556 Sycamore Pl,Columbus,RI,env=dev,api rate limits
Avery Robinson,avery.robinson91@adatum.org,8290 Forest Way,Nashville,AR,tier=premium,rotate api keys
Remy Jones,remy.jones15@contoso.com,5474 Birch Blvd,Orlando,KY,feature=ner,configure dlp policy
Finley Clark,finley.clark64@woodgrove.co,168 Cedar Ln,Denver,VT,feature=ner,rollback deployment
Jordan Walker,jordan.walker57@woodgrove.co,9062 Birch Blvd,San Diego,FL,product=contoso-analytics,set up webhooks
Parker Allen,parker.allen15@adatum.org,3451 Aspen Ct,Pittsburgh,CT,dataset=reviews,rollback deployment
Sage Hall,sage.hall62@woodgrove.co,2542 Aspen Ct,St. Louis,HI,feature=ner,rotate api keys
Alex Smith,alex.smith52@northwind.example,4075 Sycamore Pl,Chicago,VT,tier=premium,create service principal
Elliot Nguyen,elliot.nguyen70@fabrikam.io,3279 Meadow Ln,Miami,MD,env=dev,share dashboard with team
Alex Robinson,alex.robinson34@northwind.example,5388 Sycamore Pl,St. Louis,CA,env=prod,enable sso
Harper Jackson,harper.jackson61@woodgrove.co,5435 Maple Ave,Boston,KY,feature=ner,create dataflow in fabric
Rowan Nguyen,rowan.nguyen23@woodgrove.co,7129 Lakeview Ave,Indianapolis,MA,browser=edge,add dataset to workspace
Emerson Garcia,emerson.garcia59@woodgrove.co,3124 Sycamore Pl,Austin,VA,browser=edge,how to reset my password?
Emerson Young,emerson.young78@fabrikam.io,5977 Highland Dr,Denver,TX,dataset=reviews,add dataset to workspace
Jamie Robinson,jamie.robinson25@adatum.org,8318 Spruce Ter,Pittsburgh,NE,dataset=reviews,create service principal
Sawyer Davis,sawyer.davis80@fabrikam.io,3153 Highland Dr,Pittsburgh,MO,region=us-east,change notification settings
Logan Hernandez,logan.hernandez48@northwind.example,8987 Maple Ave,Columbus,ME,env=dev,rotate api keys
Phoenix Hernandez,phoenix.hernandez87@adatum.org,7628 Meadow Ln,San Jose,UT,env=dev,deploy to staging
Hayden Lee,hayden.lee31@contoso.com,4659 Hillcrest Rd,Pittsburgh,SD,team=security,api rate limits
Taylor Walker,taylor.walker40@adatum.org,3690 Elm Dr,Atlanta,AK,product=contoso-analytics,share dashboard with team
Hayden Thompson,hayden.thompson19@northwind.example,6800 Broad St,Phoenix,VA,region=us-west,create service principal
Hayden Moore,hayden.moore41@fabrikam.io,100 Cedar Ln,Richmond,NV,env=dev,change notification settings
Phoenix Clark,phoenix.clark76@northwind.example,832 Park Ave,Portland,DE,os=windows,delete my account
Phoenix Anderson,phoenix.anderson95@woodgrove.co,9167 Center St,Dallas,WI,os=windows,add dataset to workspace
Remy Rodriguez,remy.rodriguez74@northwind.example,8986 Meadow Ln,Newark,HI,region=us-west,assign sensitivity label
Bailey Jones,bailey.jones41@adatum.org,8550 Forest Way,Orlando,KS,env=prod,configure dlp policy
Taylor Clark,taylor.clark46@fabrikam.io,4461 River Rd,Dallas,OH,tier=premium,delete my account
Casey Williams,casey.williams59@fabrikam.io,3515 Pine Rd,San Diego,NE,dataset=reviews,rollback deployment
Bailey Taylor,bailey.taylor17@fabrikam.io,6893 Sunset Blvd,Newark,WY,team=security,how to reset my password?
Elliot Allen,elliot.allen83@northwind.example,7824 Maple Ave,Miami,MD,browser=edge,rotate api keys
Finley Rodriguez,finley.rodriguez79@woodgrove.co,3623 Forest Way,Portland,LA,browser=edge,assign sensitivity label
Alex Moore,alex.moore53@northwind.example,2714 Meadow Ln,Buffalo,FL,team=security,rollback deployment
Alex Young,alex.young60@woodgrove.co,9256 Maple Ave,Denver,TN,browser=edge,delete my account
Elliot Anderson,elliot.anderson33@contoso.com,4272 Sunset Blvd,Dallas,IN,os=windows,api rate limits
Jamie Lewis,jamie.lewis58@adatum.org,6916 Sycamore Pl,Kansas City,CO,os=windows,how to reset my password?
Payton White,payton.white16@adatum.org,3683 Pine Rd,Richmond,TN,product=contoso-analytics,how to reset my password?
Quinn Johnson,quinn.johnson12@woodgrove.co,2506 Aspen Ct,Atlanta,NM,region=us-east,enable 2fa
Kendall Johnson,kendall.johnson69@adatum.org,6053 Willow Way,Raleigh,RI,region=us-west,enable 2fa
Dakota Walker,dakota.walker30@adatum.org,1781 Broad St,Seattle,MD,team=security,create service principal
Drew Clark,drew.clark35@contoso.com,9710 Aspen Ct,Boston,VT,env=prod,add dataset to workspace
Phoenix Garcia,phoenix.garcia82@contoso.com,5698 Park Ave,San Diego,TX,dataset=reviews,export report to csv
Emerson Martinez,emerson.martinez53@contoso.com,6892 Forest Way,Boston,NV,dataset=reviews,configure dlp policy
Sawyer Brown,sawyer.brown65@fabrikam.io,8558 Sycamore Pl,Raleigh,OH,os=windows,configure dlp policy
Skyler Walker,skyler.walker85@adatum.org,5290 Aspen Ct,Kansas City,CO,env=prod,configure dlp policy
Quinn Lewis,quinn.lewis69@woodgrove.co,6219 River Rd,Seattle,NY,dataset=reviews,change notification settings
Hayden Johnson,hayden.johnson55@adatum.org,5586 Sycamore Pl,Newark,RI,region=us-west,update billing info
Finley Harris,finley.harris76@fabrikam.io,1412 Aspen Ct,Indianapolis,NE,os=windows,rollback deployment
Dakota Williams,dakota.williams98@northwind.example,8051 Meadow Ln,Salt Lake City,AK,tier=premium,set up webhooks
Quinn Moore,quinn.moore98@fabrikam.io,5026 Broad St,Miami,NM,team=data-eng,deploy to staging
Parker Taylor,parker.taylor80@adatum.org,5774 Meadow Ln,Nashville,MD,env=prod,share dashboard with team
Morgan Rodriguez,morgan.rodriguez34@adatum.org,1968 Park Ave,Richmond,VT,feature=ner,schedule a meeting
Avery Rodriguez,avery.rodriguez71@adatum.org,9669 Hillcrest Rd,Raleigh,ME,tier=premium,schedule a meeting
Reese Williams,reese.williams56@fabrikam.io,4962 Maple Ave,Cincinnati,OH,feature=ner,update billing info
Jordan Nguyen,jordan.nguyen80@adatum.org,2078 Forest Way,Boston,AL,team=security,set up webhooks
Hayden Thomas,hayden.thomas66@adatum.org,3030 Oak St,Nashville,NM,tier=premium,export report to csv
Drew Thomas,drew.thomas19@woodgrove.co,888 Birch Blvd,Atlanta,OR,env=prod,export report to csv
Quinn Garcia,quinn.garcia81@northwind.example,9943 Center St,Salt Lake City,SC,env=dev,deploy to staging
Drew Anderson,drew.anderson66@adatum.org,9652 Highland Dr,Columbus,OR,team=security,track order status
Logan Rodriguez,logan.rodriguez22@fabrikam.io,3467 Sycamore Pl,Pittsburgh,CO,feature=ner,share dashboard with team
Riley White,riley.white19@fabrikam.io,53 Highland Dr,San Jose,VT,team=security,assign sensitivity label
Reese Nguyen,reese.nguyen39@adatum.org,4642 Meadow Ln,Denver,UT,env=dev,update billing info
Phoenix Lee,phoenix.lee90@woodgrove.co,3251 Highland Dr,Boston,OH,env=dev,delete my account
Blake Jones,blake.jones28@contoso.com,987 Willow Way,Salt Lake City,MD,team=security,create dataflow in fabric
Blake Davis,blake.davis66@contoso.com,7689 Spruce Ter,Cincinnati,MT,env=prod,deploy to staging
Finley Thomas,finley.thomas66@contoso.com,9808 Oak St,Newark,NV,region=us-west,api rate limits
Logan Jones,logan.jones13@contoso.com,3760 Broad St,Detroit,AK,region=us-east,update billing info
Kendall Nguyen,kendall.nguyen32@northwind.example,8512 Meadow Ln,Buffalo,LA,feature=ner,create dataflow in fabric
Skyler Martinez,skyler.martinez72@contoso.com,7710 Lakeview Ave,San Diego,MI,dataset=reviews,enable 2fa
Elliot Smith,elliot.smith52@northwind.example,8127 Spruce Ter,Pittsburgh,MT,team=data-eng,track order status
Bailey Patel,bailey.patel50@adatum.org,5306 Cedar Ln,Richmond,MT,team=data-eng,how to reset my password?
Cameron Hall,cameron.hall79@northwind.example,6780 Oak St,Phoenix,ND,dataset=reviews,add dataset to workspace
Dakota Thomas,dakota.thomas90@northwind.example,855 Elm Dr,Nashville,OK,feature=ner,set up webhooks
Bailey Allen,bailey.allen99@northwind.example,1999 Maple Ave,Orlando,RI,env=dev,change notification settings
Reese White,reese.white11@woodgrove.co,6694 Pine Rd,Portland,DE,os=windows,enable 2fa
Harper Walker,harper.walker29@northwind.example,4791 Hillcrest Rd,Cincinnati,LA,browser=edge,assign sensitivity label
Hayden Williams,hayden.williams68@woodgrove.co,2379 Sunset Blvd,Phoenix,RI,team=data-eng,delete my account
Elliot Patel,elliot.patel45@northwind.example,5578 Hillcrest Rd,Nashville,AL,env=prod,set up webhooks
Remy Hernandez,remy.hernandez84@northwind.example,2444 Meadow Ln,Minneapolis,NM,dataset=reviews,api rate limits
Finley Lewis,finley.lewis79@northwind.example,7470 River Rd,St. Louis,IL,region=us-west,share dashboard with team
Kendall Moore,kendall.moore39@northwind.example,725 River Rd,Indianapolis,NM,region=us-west,create service principal
Drew Robinson,drew.robinson93@fabrikam.io,8125 Oak St,Atlanta,NC,team=security,api rate limits
Elliot Garcia,elliot.garcia66@contoso.com,8627 Meadow Ln,Seattle,WA,feature=ner,rotate api keys
Elliot Martinez,elliot.martinez29@contoso.com,7702 Sycamore Pl,Dallas,SC,region=us-west,create service principal
Harper Patel,harper.patel52@woodgrove.co,6236 River Rd,Orlando,VA,os=windows,rollback deployment
Jordan Thompson,jordan.thompson18@fabrikam.io,4718 Aspen Ct,Indianapolis,CO,browser=edge,enable 2fa
Dakota Martinez,dakota.martinez22@northwind.example,2735 Spruce Ter,Newark,AK,product=contoso-analytics,api rate limits
Phoenix Nguyen,phoenix.nguyen47@adatum.org,6151 Highland Dr,Atlanta,KS,team=data-eng,rotate api keys
Kendall Robinson,kendall.robinson33@fabrikam.io,2878 Pine Rd,Raleigh,MO,team=security,share dashboard with team
Hayden Young,hayden.young84@fabrikam.io,3814 Meadow Ln,Orlando,KY,os=windows,update billing info
Cameron Harris,cameron.harris69@adatum.org,8965 Willow Way,Denver,NH,dataset=reviews,create dataflow in fabric
Reese Martinez,reese.martinez64@adatum.org,7494 Spruce Ter,Phoenix,MO,os=windows,enable 2fa
Quinn Moore,quinn.moore83@adatum.org,9427 Spruce Ter,Cincinnati,ME,product=contoso-analytics,create service principal
Rowan Harris,rowan.harris82@contoso.com,9945 Forest Way,Kansas City,ME,env=dev,add dataset to workspace
Phoenix Wilson,phoenix.wilson38@fabrikam.io,4116 Birch Blvd,Orlando,CT,region=us-east,track order status
Reese Lee,reese.lee66@contoso.com,9505 Lakeview Ave,Indianapolis,FL,tier=premium,set up webhooks
Jamie Rodriguez,jamie.rodriguez63@fabrikam.io,3299 Birch Blvd,Salt Lake City,OH,dataset=reviews,deploy to staging
Emerson Young,emerson.young44@fabrikam.io,4220 Forest Way,Salt Lake City,ME,region=us-west,api rate limits
Phoenix Garcia,phoenix.garcia69@contoso.com,2316 Aspen Ct,St. Louis,UT,region=us-west,create service principal
Elliot Lee,elliot.lee81@adatum.org,1489 Sunset Blvd,Seattle,KY,team=data-eng,enable 2fa
Bailey Wilson,bailey.wilson96@adatum.org,9587 Sunset Blvd,Kansas City,SD,dataset=reviews,enable 2fa
Cameron Williams,cameron.williams70@contoso.com,9208 River Rd,Buffalo,SC,env=dev,export report to csv
Harper Walker,harper.walker69@adatum.org,6699 Cedar Ln,Atlanta,AZ,product=contoso-analytics,set up webhooks
Hayden Garcia,hayden.garcia22@fabrikam.io,8817 Birch Blvd,Charlotte,NJ,dataset=reviews,rollback deployment
Skyler Hernandez,skyler.hernandez29@northwind.example,1632 Forest Way,Raleigh,NE,env=prod,track order status
Sawyer Wilson,sawyer.wilson37@northwind.example,7295 Aspen Ct,St. Louis,MS,tier=premium,enable sso
Finley Allen,finley.allen92@adatum.org,1002 Sunset Blvd,Nashville,IL,tier=premium,configure dlp policy
Taylor Robinson,taylor.robinson37@woodgrove.co,359 Oak St,Salt Lake City,MI,env=dev,delete my account
Phoenix Hernandez,phoenix.hernandez36@contoso.com,9090 Elm Dr,Detroit,IN,env=dev,api rate limits
Dakota Brown,dakota.brown86@contoso.com,4552 Birch Blvd,Atlanta,OH,env=prod,change notification settings
Morgan Robinson,morgan.robinson13@fabrikam.io,253 Lakeview Ave,Salt Lake City,KS,team=security,api rate limits
Alex Smith,alex.smith43@contoso.com,2086 Highland Dr,Cleveland,DE,region=us-west,export report to csv
Hayden Anderson,hayden.anderson56@woodgrove.co,9736 Cedar Ln,San Jose,NC,env=dev,add dataset to workspace
Jordan Rodriguez,jordan.rodriguez94@woodgrove.co,4951 Meadow Ln,Orlando,AK,product=contoso-analytics,assign sensitivity label
Elliot Moore,elliot.moore64@contoso.com,8042 Meadow Ln,Denver,CO,dataset=reviews,add dataset to workspace
Casey Patel,casey.patel26@adatum.org,9600 Park Ave,Cincinnati,MA,browser=edge,add dataset to workspace
Emerson Davis,emerson.davis68@woodgrove.co,9929 Highland Dr,Boston,VT,tier=premium,rollback deployment
Payton Hall,payton.hall37@northwind.example,7408 Aspen Ct,San Diego,MI,os=windows,create service principal
Skyler Rodriguez,skyler.rodriguez22@adatum.org,7002 River Rd,Pittsburgh,KY,dataset=reviews,delete my account
Cameron Young,cameron.young70@contoso.com,1504 Pine Rd,Denver,NV,tier=premium,enable sso
Phoenix Brown,phoenix.brown81@contoso.com,9618 Park Ave,Minneapolis,MI,region=us-east,enable 2fa
Skyler Wilson,skyler.wilson95@northwind.example,852 Spruce Ter,Raleigh,MD,dataset=reviews,enable 2fa
Kendall Jackson,kendall.jackson37@fabrikam.io,7910 Aspen Ct,St. Louis,CT,dataset=reviews,rollback deployment
Parker Garcia,parker.garcia45@woodgrove.co,3715 Highland Dr,St. Louis,OK,team=security,add dataset to workspace
Cameron Martinez,cameron.martinez81@contoso.com,9987 Sycamore Pl,Seattle,ID,env=prod,set up webhooks
Blake Miller,blake.miller54@contoso.com,2982 Birch Blvd,Detroit,TX,browser=edge,export report to csv
Casey Rodriguez,casey.rodriguez91@contoso.com,1513 Hillcrest Rd,Phoenix,MO,browser=edge,configure dlp policy
Jamie Smith,jamie.smith57@adatum.org,5324 Broad St,Raleigh,CO,product=contoso-analytics,delete my account
Riley Lewis,riley.lewis89@contoso.com,1346 Sycamore Pl,San Jose,TX,browser=edge,assign sensitivity label
Logan Anderson,logan.anderson63@adatum.org,3541 Hillcrest Rd,Boston,MN,browser=edge,enable 2fa
Reese Robinson,reese.robinson96@woodgrove.co,7982 Hillcrest Rd,Pittsburgh,MD,product=contoso-analytics,share dashboard with team
Drew Thompson,drew.thompson17@contoso.com,3359 Spruce Ter,Phoenix,WY,feature=ner,update billing info
Reese Miller,reese.miller25@contoso.com,8159 Highland Dr,Chicago,FL,browser=edge,rollback deployment
Sawyer Williams,sawyer.williams74@woodgrove.co,5812 Pine Rd,Charlotte,WV,product=contoso-analytics,rotate api keys
Alex Anderson,alex.anderson19@adatum.org,9443 Highland Dr,Detroit,MT,region=us-west,rotate api keys
Reese Garcia,reese.garcia61@contoso.com,5331 Willow Way,Salt Lake City,SC,os=windows,enable sso
Taylor Taylor,taylor.taylor23@fabrikam.io,7148 Broad St,Charlotte,ND,tier=premium,create service principal
Elliot Davis,elliot.davis53@fabrikam.io,5466 Willow Way,Denver,NC,region=us-east,enable 2fa
Emerson Jackson,emerson.jackson34@adatum.org,5762 Birch Blvd,Portland,CT,feature=ner,update billing info
Avery Smith,avery.smith87@fabrikam.io,1244 Willow Way,Richmond,SD,os=windows,configure dlp policy
Dakota Hernandez,dakota.hernandez84@northwind.example,9258 Center St,Dallas,SD,dataset=reviews,delete my account
Bailey Patel,bailey.patel70@northwind.example,4971 Sycamore Pl,Detroit,AR,dataset=reviews,deploy to staging
Taylor Davis,taylor.davis69@northwind.example,626 Oak St,Miami,ME,tier=premium,export report to csv
Logan Thompson,logan.thompson74@northwind.example,7591 Broad St,Minneapolis,WV,product=contoso-analytics,configure dlp policy
Blake Lee,blake.lee83@fabrikam.io,5277 Center St,Tampa,NC,feature=ner,track order status
Bailey Garcia,bailey.garcia53@contoso.com,8276 Willow Way,Austin,KS,region=us-west,configure dlp policy
Bailey Jackson,bailey.jackson76@woodgrove.co,2610 Lakeview Ave,Miami,ME,browser=edge,rotate api keys
Dakota Miller,dakota.miller96@woodgrove.co,867 River Rd,Denver,MI,tier=premium,rollback deployment
Cameron Moore,cameron.moore46@adatum.org,9884 Birch Blvd,Dallas,CO,team=security,delete my account
Blake Wilson,blake.wilson49@northwind.example,2122 Center St,Cincinnati,CO,env=prod,rollback deployment
Drew Martinez,drew.martinez52@fabrikam.io,8634 Pine Rd,Orlando,TX,browser=edge,deploy to staging
Parker Harris,parker.harris56@adatum.org,2963 Elm Dr,Dallas,WY,os=windows,schedule a meeting
Quinn Brown,quinn.brown29@contoso.com,4856 Cedar Ln,Cleveland,WY,team=data-eng,deploy to staging
Jordan Robinson,jordan.robinson53@woodgrove.co,2157 Center St,Charlotte,GA,feature=ner,change notification settings
Remy Clark,remy.clark89@fabrikam.io,7180 Oak St,San Diego,MS,region=us-east,share dashboard with team
Bailey Thompson,bailey.thompson46@northwind.example,3843 Park Ave,Portland,MD,os=windows,schedule a meeting
Parker Robinson,parker.robinson83@northwind.example,7574 Spruce Ter,Richmond,MO,team=data-eng,deploy to staging
Skyler Smith,skyler.smith35@woodgrove.co,2277 Sycamore Pl,Austin,TN,os=windows,enable sso
Finley Young,finley.young23@woodgrove.co,2052 Spruce Ter,Denver,WI,feature=ner,update billing info
Bailey Allen,bailey.allen75@fabrikam.io,7177 Pine Rd,Buffalo,IA,os=windows,enable sso
Blake Harris,blake.harris63@contoso.com,6505 Hillcrest Rd,Miami,KS,browser=edge,export report to csv
Parker Williams,parker.williams13@adatum.org,1633 River Rd,Salt Lake City,GA,feature=ner,track order status
Reese Young,reese.young70@fabrikam.io,7695 Meadow Ln,Raleigh,AL,tier=premium,how to reset my password?
Rowan Johnson,rowan.johnson29@woodgrove.co,9985 Hillcrest Rd,San Diego,DE,env=prod,share dashboard with team
Reese Garcia,reese.garcia16@fabrikam.io,6888 Center St,San Jose,CA,tier=premium,assign sensitivity label
Logan White,logan.white12@woodgrove.co,9431 Aspen Ct,Cincinnati,GA,env=prod,rotate api keys
Alex Thompson,alex.thompson55@fabrikam.io,9359 Highland Dr,Chicago,TX,region=us-east,export report to csv
Emerson Wilson,emerson.wilson18@woodgrove.co,8924 Hillcrest Rd,Salt Lake City,NC,team=data-eng,how to reset my password?
Drew Hall,drew.hall70@contoso.com,6348 Lakeview Ave,Nashville,WV,product=contoso-analytics,enable sso
Phoenix Patel,phoenix.patel54@fabrikam.io,1708 Broad St,Indianapolis,WI,dataset=reviews,delete my account
Jordan Wilson,jordan.wilson79@adatum.org,2878 Meadow Ln,Cincinnati,NM,region=us-east,change notification settings
Phoenix Brown,phoenix.brown18@northwind.example,615 Spruce Ter,Phoenix,AZ,env=dev,track order status
Jamie Young,jamie.young49@woodgrove.co,6534 Park Ave,Tampa,KY,product=contoso-analytics,schedule a meeting
Reese Wilson,reese.wilson16@adatum.org,4486 Cedar Ln,Salt Lake City,MS,browser=edge,create service principal
Payton Anderson,payton.anderson59@adatum.org,3070 Forest Way,Cincinnati,NY,dataset=reviews,deploy to staging
Rowan Lee,rowan.lee20@northwind.example,1303 Highland Dr,Raleigh,ID,team=data-eng,set up webhooks
Jamie Garcia,jamie.garcia20@adatum.org,4853 Spruce Ter,San Jose,RI,region=us-west,rotate api keys
Riley Clark,riley.clark66@adatum.org,7335 Oak St,Indianapolis,MN,team=security,rotate api keys
Rowan Martinez,rowan.martinez17@contoso.com,6665 Lakeview Ave,Cleveland,WV,region=us-east,change notification settings
Alex Brown,alex.brown87@northwind.example,580 Birch Blvd,Denver,KS,region=us-east,enable sso
Parker Moore,parker.moore82@contoso.com,9923 Birch Blvd,Pittsburgh,NH,dataset=reviews,enable sso
Bailey Lewis,bailey.lewis19@woodgrove.co,2265 Hillcrest Rd,Miami,MT,dataset=reviews,update billing info
Quinn Garcia,quinn.garcia13@fabrikam.io,8186 Hillcrest Rd,Charlotte,OK,tier=premium,update billing info
Dakota Jones,dakota.jones67@fabrikam.io,4688 Forest Way,Phoenix,DE,feature=ner,export report to csv
Bailey Smith,bailey.smith66@contoso.com,5246 Lakeview Ave,Cincinnati,CA,team=data-eng,rollback deployment
Reese Allen,reese.allen48@fabrikam.io,2862 Lakeview Ave,Cleveland,IA,tier=premium,schedule a meeting
Phoenix Brown,phoenix.brown40@northwind.example,440 Lakeview Ave,Minneapolis,OR,dataset=reviews,configure dlp policy
Phoenix White,phoenix.white26@woodgrove.co,1422 Pine Rd,Columbus,MT,region=us-west,assign sensitivity label
Emerson Taylor,emerson.taylor62@woodgrove.co,1218 Birch Blvd,Dallas,TN,tier=premium,configure dlp policy
Bailey Robinson,bailey.robinson76@adatum.org,2112 Park Ave,Orlando,PA,feature=ner,delete my account
Skyler Jackson,skyler.jackson17@contoso.com,8498 Birch Blvd,Columbus,HI,feature=ner,api rate limits
Blake Clark,blake.clark38@adatum.org,8511 Spruce Ter,St. Louis,CO,env=prod,schedule a meeting
Harper White,harper.white45@fabrikam.io,4971 Center St,Minneapolis,CO,team=data-eng,change notification settings
Kendall Hernandez,kendall.hernandez29@fabrikam.io,9924 River Rd,Kansas City,OR,product=contoso-analytics,how to reset my password?
Taylor Nguyen,taylor.nguyen92@woodgrove.co,4346 Elm Dr,Richmond,OR,browser=edge,add dataset to workspace
Harper Harris,harper.harris73@woodgrove.co,4755 Spruce Ter,Tampa,KS,region=us-east,create service principal
Reese Anderson,reese.anderson19@contoso.com,2599 Meadow Ln,San Diego,NM,os=windows,schedule a meeting
Jamie Thompson,jamie.thompson28@adatum.org,5241 Lakeview Ave,Charlotte,FL,dataset=reviews,deploy to staging
Finley Garcia,finley.garcia50@fabrikam.io,7652 Cedar Ln,Nashville,NH,env=dev,delete my account
Morgan Nguyen,morgan.nguyen47@northwind.example,6860 Aspen Ct,St. Louis,HI,dataset=reviews,create dataflow in fabric
Payton Miller,payton.miller34@fabrikam.io,8173 Hillcrest Rd,San Jose,NY,env=prod,assign sensitivity label
Alex Patel,alex.patel60@woodgrove.co,7501 Aspen Ct,Phoenix,PA,dataset=reviews,track order status
Jordan Davis,jordan.davis73@woodgrove.co,7720 Spruce Ter,Minneapolis,AL,tier=premium,rotate api keys
Casey Allen,casey.allen43@adatum.org,6616 Lakeview Ave,Austin,MT,product=contoso-analytics,create dataflow in fabric
Finley Johnson,finley.johnson56@woodgrove.co,4738 Pine Rd,Charlotte,NC,os=windows,rollback deployment
Rowan Walker,rowan.walker89@woodgrove.co,1956 Birch Blvd,Boston,MT,dataset=reviews,api rate limits
Finley Wilson,finley.wilson28@fabrikam.io,9880 Hillcrest Rd,Charlotte,NC,product=contoso-analytics,track order status
Jordan Brown,jordan.brown52@northwind.example,8518 Meadow Ln,Atlanta,RI,team=data-eng,delete my account
Jamie Young,jamie.young88@adatum.org,2672 Sunset Blvd,Raleigh,WV,env=prod,create dataflow in fabric
Jamie Jackson,jamie.jackson75@woodgrove.co,8035 Broad St,Columbus,NM,product=contoso-analytics,enable sso
Jamie Robinson,jamie.robinson24@northwind.example,9573 Spruce Ter,Salt Lake City,WA,region=us-west,how to reset my password?
Logan Thomas,logan.thomas43@woodgrove.co,9473 Aspen Ct,Indianapolis,AR,team=security,assign sensitivity label
Riley Jackson,riley.jackson90@woodgrove.co,6239 Birch Blvd,Kansas City,UT,env=dev,track order status
Kendall Clark,kendall.clark24@fabrikam.io,320 Meadow Ln,Dallas,NE,feature=ner,rotate api keys
Sawyer Johnson,sawyer.johnson62@woodgrove.co,7736 Oak St,Cincinnati,FL,team=data-eng,schedule a meeting
Finley Miller,finley.miller94@northwind.example,8619 Sunset Blvd,Dallas,ID,os=windows,rollback deployment
Jamie White,jamie.white55@adatum.org,7942 Elm Dr,Portland,LA,team=data-eng,set up webhooks
Quinn Davis,quinn.davis46@fabrikam.io,8021 River Rd,Tampa,MN,team=data-eng,update billing info
Reese Garcia,reese.garcia83@woodgrove.co,6230 Sunset Blvd,Kansas City,MN,feature=ner,set up webhooks
Jordan Davis,jordan.davis20@adatum.org,7257 Sycamore Pl,Indianapolis,NM,env=dev,schedule a meeting
Remy White,remy.white44@woodgrove.co,4460 Birch Blvd,Boston,SC,region=us-west,create dataflow in fabric
Quinn Williams,quinn.williams16@woodgrove.co,3707 Aspen Ct,Austin,CT,browser=edge,api rate limits
Sawyer Thomas,sawyer.thomas22@fabrikam.io,94 Park Ave,Buffalo,HI,browser=edge,assign sensitivity label
Hayden Martinez,hayden.martinez35@adatum.org,5272 Spruce Ter,Orlando,AR,tier=premium,create dataflow in fabric
Quinn White,quinn.white14@fabrikam.io,6856 Willow Way,Buffalo,AZ,browser=edge,assign sensitivity label
Riley Young,riley.young47@contoso.com,161 Spruce Ter,Detroit,RI,tier=premium,api rate limits
Reese Anderson,reese.anderson92@woodgrove.co,8600 Forest Way,Newark,FL,team=data-eng,configure dlp policy
Rowan Johnson,rowan.johnson24@adatum.org,2672 Meadow Ln,Orlando,KY,region=us-west,change notification settings
Alex Rodriguez,alex.rodriguez53@adatum.org,9312 Elm Dr,Chicago,SC,region=us-east,create service principal
Remy Taylor,remy.taylor75@adatum.org,1431 Sunset Blvd,Pittsburgh,CT,feature=ner,delete my account
Hayden Miller,hayden.miller41@contoso.com,4282 Sunset Blvd,Portland,NH,env=prod,api rate limits
Reese Hernandez,reese.hernandez83@contoso.com,4295 Lakeview Ave,Cincinnati,KS,product=contoso-analytics,enable 2fa
Bailey Davis,bailey.davis30@northwind.example,8243 Spruce Ter,Cincinnati,DE,region=us-east,set up webhooks
Parker Thompson,parker.thompson38@fabrikam.io,2198 Forest Way,Atlanta,NJ,region=us-west,add dataset to workspace
Parker Taylor,parker.taylor99@woodgrove.co,7724 Park Ave,Salt Lake City,TX,env=dev,share dashboard with team
Cameron Lewis,cameron.lewis86@contoso.com,8619 Meadow Ln,Cleveland,VA,dataset=reviews,export report to csv
Blake Hernandez,blake.hernandez24@contoso.com,8982 Hillcrest Rd,Phoenix,OR,team=data-eng,delete my account
Riley Miller,riley.miller76@northwind.example,1914 Elm Dr,Cincinnati,PA,os=windows,export report to csv
Sage Jackson,sage.jackson67@contoso.com,7439 Birch Blvd,Cleveland,NE,os=windows,create dataflow in fabric
Jordan White,jordan.white69@adatum.org,366 Sunset Blvd,Nashville,AL,region=us-west,schedule a meeting
Kendall Patel,kendall.patel15@northwind.example,5654 Pine Rd,Minneapolis,AR,tier=premium,assign sensitivity label
Jordan Davis,jordan.davis62@fabrikam.io,2228 Highland Dr,Miami,MO,os=windows,create service principal
Drew Patel,drew.patel97@woodgrove.co,2188 Lakeview Ave,Boston,ID,team=data-eng,create service principal
Emerson Brown,emerson.brown38@contoso.com,382 Spruce Ter,San Jose,UT,region=us-west,rollback deployment
Skyler White,skyler.white58@fabrikam.io,4065 Meadow Ln,Miami,GA,env=prod,schedule a meeting
Blake Allen,blake.allen24@contoso.com,6878 Center St,Richmond,AK,env=dev,schedule a meeting
Taylor Garcia,taylor.garcia86@contoso.com,7324 Center St,Pittsburgh,VA,product=contoso-analytics,share dashboard with team
Payton Nguyen,payton.nguyen61@northwind.example,3849 Park Ave,Phoenix,WI,product=contoso-analytics,delete my account
Emerson Davis,emerson.davis39@woodgrove.co,5234 Broad St,Raleigh,WY,region=us-east,api rate limits
Quinn Davis,quinn.davis28@woodgrove.co,3631 Highland Dr,Columbus,LA,product=contoso-analytics,rollback deployment
Kendall Allen,kendall.allen32@northwind.example,9117 Forest Way,Austin,MN,region=us-east,create service principal
Phoenix Jackson,phoenix.jackson50@northwind.example,6698 Birch Blvd,Columbus,MO,feature=ner,rollback deployment
Hayden Williams,hayden.williams38@adatum.org,2375 Meadow Ln,Buffalo,AR,team=data-eng,rotate api keys
Skyler White,skyler.white77@fabrikam.io,6373 Aspen Ct,Nashville,IN,dataset=reviews,export report to csv
Blake Anderson,blake.anderson57@contoso.com,8785 Elm Dr,Austin,LA,browser=edge,add dataset to workspace
Logan Nguyen,logan.nguyen19@fabrikam.io,9636 Park Ave,Phoenix,NM,env=dev,api rate limits
Reese Young,reese.young11@fabrikam.io,3123 Cedar Ln,Indianapolis,WI,os=windows,share dashboard with team
Sawyer Thompson,sawyer.thompson36@northwind.example,3931 Park Ave,Dallas,WY,env=prod,create service principal
Bailey White,bailey.white93@adatum.org,5063 Sycamore Pl,Miami,NC,os=windows,configure dlp policy
Morgan Lee,morgan.lee70@adatum.org,3338 Lakeview Ave,Dallas,NE,product=contoso-analytics,create dataflow in fabric
Elliot Williams,elliot.williams28@contoso.com,4282 Park Ave,Buffalo,PA,team=security,rotate api keys
Reese Brown,reese.brown35@adatum.org,3778 Sunset Blvd,Detroit,KS,os=windows,rollback deployment
Harper Robinson,harper.robinson53@adatum.org,8015 Forest Way,San Jose,HI,region=us-west,enable sso
Riley Brown,riley.brown79@northwind.example,3025 Park Ave,Orlando,AR,team=data-eng,track order status
Remy Hall,remy.hall19@contoso.com,114 Highland Dr,Atlanta,SD,env=dev,export report to csv
Sawyer Brown,sawyer.brown11@fabrikam.io,8295 Meadow Ln,Miami,AR,team=security,add dataset to workspace
Blake Thomas,blake.thomas94@northwind.example,267 Maple Ave,Minneapolis,OK,browser=edge,how to reset my password?
Alex Jackson,alex.jackson45@woodgrove.co,4707 Maple Ave,Cleveland,VT,region=us-east,rotate api keys
Phoenix Young,phoenix.young32@contoso.com,1588 Hillcrest Rd,Atlanta,KS,env=dev,add dataset to workspace
Emerson Jones,emerson.jones55@adatum.org,6512 Pine Rd,Miami,MT,os=windows,create dataflow in fabric
Quinn Clark,quinn.clark38@adatum.org,1330 Oak St,Denver,MT,browser=edge,create service principal
Finley Thomas,finley.thomas17@contoso.com,2817 Pine Rd,Tampa,NV,region=us-east,api rate limits
Kendall Hall,kendall.hall22@woodgrove.co,707 Aspen Ct,Phoenix,VT,team=security,assign sensitivity label
Rowan Nguyen,rowan.nguyen19@adatum.org,8907 Broad St,Pittsburgh,AZ,feature=ner,api rate limits
Alex Johnson,alex.johnson85@fabrikam.io,6535 Pine Rd,Columbus,HI,team=security,share dashboard with team
Kendall Walker,kendall.walker59@woodgrove.co,5445 Sunset Blvd,Richmond,WV,feature=ner,export report to csv
Emerson Rodriguez,emerson.rodriguez54@contoso.com,1610 Highland Dr,Portland,CA,dataset=reviews,add dataset to workspace
Dakota Thompson,dakota.thompson86@northwind.example,5357 Maple Ave,Orlando,LA,os=windows,assign sensitivity label
Quinn Wilson,quinn.wilson80@northwind.example,7085 Willow Way,Pittsburgh,PA,region=us-east,create service principal
Taylor Lewis,taylor.lewis89@adatum.org,4047 Pine Rd,Denver,LA,feature=ner,create service principal
Sawyer Lee,sawyer.lee91@fabrikam.io,6393 River Rd,Miami,CT,tier=premium,how to reset my password?
Reese Anderson,reese.anderson56@adatum.org,1684 Birch Blvd,Denver,ID,browser=edge,configure dlp policy
Finley White,finley.white75@northwind.example,1702 Maple Ave,Denver,MN,team=data-eng,export report to csv
Logan Thompson,logan.thompson51@northwind.example,212 Spruce Ter,San Diego,MO,tier=premium,rollback deployment
Sage Williams,sage.williams83@woodgrove.co,2788 Sunset Blvd,Chicago,FL,env=prod,set up webhooks
Rowan Thomas,rowan.thomas28@contoso.com,2749 Highland Dr,Nashville,NE,env=prod,assign sensitivity label
Phoenix Patel,phoenix.patel56@adatum.org,4050 Forest Way,Raleigh,SC,env=dev,configure dlp policy
Morgan Brown,morgan.brown48@contoso.com,6493 River Rd,Kansas City,SC,browser=edge,api rate limits
Bailey Miller,bailey.miller65@woodgrove.co,2240 Spruce Ter,Dallas,RI,region=us-west,schedule a meeting
Hayden Miller,hayden.miller32@northwind.example,5238 Spruce Ter,Indianapolis,VT,region=us-east,assign sensitivity label
Kendall Lee,kendall.lee41@adatum.org,6171 Sycamore Pl,Kansas City,MT,dataset=reviews,enable 2fa
Blake Hernandez,blake.hernandez35@woodgrove.co,8949 Willow Way,Pittsburgh,WY,team=data-eng,how to reset my password?
Payton Anderson,payton.anderson36@northwind.example,4783 Pine Rd,Kansas City,NE,region=us-east,assign sensitivity label
Casey Martinez,casey.martinez48@fabrikam.io,4149 Birch Blvd,Cincinnati,NV,browser=edge,export report to csv
Bailey Thompson,bailey.thompson71@woodgrove.co,6576 Park Ave,Cleveland,VT,browser=edge,rollback deployment
Jordan Lee,jordan.lee56@woodgrove.co,9739 Pine Rd,Boston,WY,env=dev,enable sso
Riley Martinez,riley.martinez88@contoso.com,9237 Sunset Blvd,Richmond,MI,browser=edge,enable 2fa
Alex Garcia,alex.garcia43@fabrikam.io,8376 Hillcrest Rd,Minneapolis,PA,region=us-west,create dataflow in fabric
Quinn Anderson,quinn.anderson57@northwind.example,7596 Broad St,Cincinnati,NC,feature=ner,enable sso
Alex Thomas,alex.thomas23@adatum.org,6825 Pine Rd,Boston,WA,feature=ner,enable sso
Reese Miller,reese.miller68@fabrikam.io,8547 Forest Way,Miami,NM,tier=premium,configure dlp policy
Payton Clark,payton.clark67@adatum.org,1110 Spruce Ter,Austin,VA,tier=premium,how to reset my password?
Elliot Miller,elliot.miller92@contoso.com,2702 Aspen Ct,Cleveland,ID,team=data-eng,change notification settings
Jamie White,jamie.white64@northwind.example,3808 Sunset Blvd,Orlando,ID,feature=ner,rotate api keys
Drew Harris,drew.harris88@fabrikam.io,7375 Broad St,San Diego,MO,product=contoso-analytics,schedule a meeting
Avery Jones,avery.jones18@woodgrove.co,1677 Park Ave,Chicago,MS,dataset=reviews,schedule a meeting
Bailey Garcia,bailey.garcia43@northwind.example,8656 River Rd,Raleigh,MO,team=security,create service principal
Kendall Garcia,kendall.garcia54@adatum.org,7511 Center St,Chicago,UT,region=us-west,set up webhooks
Blake Thompson,blake.thompson85@contoso.com,2204 River Rd,Boston,KS,env=prod,enable 2fa
Riley Wilson,riley.wilson98@fabrikam.io,8379 Sunset Blvd,San Diego,RI,feature=ner,create dataflow in fabric
Drew Taylor,drew.taylor33@northwind.example,8814 Willow Way,Minneapolis,HI,os=windows,set up webhooks
Casey Smith,casey.smith50@northwind.example,888 Lakeview Ave,Seattle,NY,feature=ner,schedule a meeting
Remy Moore,remy.moore81@woodgrove.co,8119 Highland Dr,Pittsburgh,NY,browser=edge,configure dlp policy
Hayden Smith,hayden.smith20@woodgrove.co,515 Aspen Ct,Columbus,AZ,env=prod,share dashboard with team
Finley Davis,finley.davis31@northwind.example,9277 Forest Way,Minneapolis,NC,tier=premium,create dataflow in fabric
Morgan Jones,morgan.jones79@adatum.org,8890 Oak St,Richmond,WA,os=windows,rollback deployment
Avery Taylor,avery.taylor23@fabrikam.io,4887 Oak St,San Jose,KY,dataset=reviews,export report to csv
Bailey Hall,bailey.hall25@fabrikam.io,3448 Broad St,Cincinnati,MN,region=us-west,add dataset to workspace
Harper Taylor,harper.taylor31@woodgrove.co,2291 Elm Dr,Kansas City,IN,product=contoso-analytics,create dataflow in fabric
Parker White,parker.white45@woodgrove.co,8837 Willow Way,Dallas,VA,env=prod,set up webhooks
Kendall Jones,kendall.jones75@contoso.com,2231 Highland Dr,Buffalo,AR,env=prod,delete my account
Sawyer Hall,sawyer.hall26@fabrikam.io,2406 River Rd,Kansas City,KS,region=us-east,create service principal
Hayden Brown,hayden.brown83@adatum.org,6796 Sunset Blvd,San Jose,CA,region=us-east,export report to csv
Drew Jackson,drew.jackson45@adatum.org,7459 Forest Way,Dallas,PA,product=contoso-analytics,export report to csv
Payton Anderson,payton.anderson91@adatum.org,1047 Park Ave,Charlotte,IN,browser=edge,schedule a meeting
Hayden Jones,hayden.jones51@adatum.org,5543 Park Ave,Detroit,FL,team=security,assign sensitivity label
Phoenix Miller,phoenix.miller97@contoso.com,762 Cedar Ln,Orlando,NJ,product=contoso-analytics,enable 2fa
Blake Hall,blake.hall30@northwind.example,7489 Maple Ave,San Diego,IL,region=us-west,delete my account
Sage Martinez,sage.martinez48@fabrikam.io,4499 Pine Rd,Orlando,MS,env=prod,export report to csv
Parker Robinson,parker.robinson93@fabrikam.io,858 Sunset Blvd,Orlando,MD,region=us-west,share dashboard with team
Skyler Martinez,skyler.martinez21@contoso.com,27 Elm Dr,Tampa,CA,feature=ner,create dataflow in fabric
Quinn Jackson,quinn.jackson97@northwind.example,162 Maple Ave,Cincinnati,MI,tier=premium,rotate api keys
Sawyer Brown,sawyer.brown71@contoso.com,3761 Sunset Blvd,Denver,WA,tier=premium,enable 2fa
Jamie Wilson,jamie.wilson48@fabrikam.io,6280 Birch Blvd,Orlando,UT,feature=ner,export report to csv
Emerson Hernandez,emerson.hernandez11@woodgrove.co,2698 Meadow Ln,Miami,WA,env=dev,delete my account
Blake Taylor,blake.taylor88@northwind.example,3569 Pine Rd,Newark,CT,feature=ner,enable 2fa
Kendall Rodriguez,kendall.rodriguez59@adatum.org,7045 River Rd,Salt Lake City,FL,env=dev,update billing info
Harper Patel,harper.patel41@woodgrove.co,9856 Center St,Indianapolis,RI,env=prod,how to reset my password?
Elliot Hall,elliot.hall94@adatum.org,3376 Hillcrest Rd,Raleigh,NC,env=dev,create service principal
Reese Martinez,reese.martinez16@fabrikam.io,8118 Sunset Blvd,Boston,KS,os=windows,add dataset to workspace
Taylor Jackson,taylor.jackson11@adatum.org,5195 Birch Blvd,Charlotte,OR,browser=edge,enable sso
Finley Robinson,finley.robinson32@northwind.example,1205 Maple Ave,Detroit,CA,product=contoso-analytics,update billing info
Avery Nguyen,avery.nguyen17@northwind.example,8310 Spruce Ter,Orlando,VA,team=data-eng,rotate api keys
Skyler Clark,skyler.clark61@contoso.com,8801 Park Ave,Raleigh,GA,env=prod,export report to csv
Reese Patel,reese.patel75@fabrikam.io,2555 Park Ave,Dallas,MT,team=security,export report to csv
Reese Clark,reese.clark65@fabrikam.io,958 Aspen Ct,Denver,NV,tier=premium,configure dlp policy
Logan Thompson,logan.thompson17@adatum.org,2887 Cedar Ln,Seattle,VA,feature=ner,how to reset my password?
Riley Thomas,riley.thomas54@woodgrove.co,8484 Sycamore Pl,Chicago,MS,feature=ner,update billing info
Payton Allen,payton.allen25@contoso.com,5498 Highland Dr,Nashville,ND,tier=premium,update billing info
Sawyer Hernandez,sawyer.hernandez90@contoso.com,8138 Meadow Ln,Cleveland,MS,product=contoso-analytics,assign sensitivity label
Elliot Hernandez,elliot.hernandez31@adatum.org,2587 Sycamore Pl,Richmond,CT,team=security,enable 2fa
Quinn Rodriguez,quinn.rodriguez75@contoso.com,731 Maple Ave,Portland,AZ,os=windows,enable sso
Drew Young,drew.young29@fabrikam.io,589 Park Ave,Salt Lake City,VA,region=us-west,rotate api keys
Quinn Miller,quinn.miller41@northwind.example,5251 Sycamore Pl,Kansas City,CA,team=security,enable sso
Morgan Jackson,morgan.jackson96@contoso.com,2948 Aspen Ct,Salt Lake City,ND,product=contoso-analytics,create service principal
Taylor Allen,taylor.allen69@adatum.org,5100 River Rd,Denver,OK,os=windows,how to reset my password?
Parker Johnson,parker.johnson47@woodgrove.co,4989 Center St,Portland,NJ,dataset=reviews,create dataflow in fabric
Hayden Lewis,hayden.lewis35@woodgrove.co,4026 Birch Blvd,Seattle,NE,product=contoso-analytics,share dashboard with team
Finley Wilson,finley.wilson91@contoso.com,5498 Maple Ave,Richmond,TX,browser=edge,set up webhooks
Morgan Johnson,morgan.johnson77@fabrikam.io,6888 Forest Way,Austin,GA,region=us-west,update billing info
Taylor Nguyen,taylor.nguyen39@woodgrove.co,6777 Lakeview Ave,San Jose,WV,tier=premium,create dataflow in fabric
Morgan Jackson,morgan.jackson27@northwind.example,1236 Broad St,Detroit,AR,browser=edge,delete my account
Quinn Davis,quinn.davis43@adatum.org,6448 River Rd,Dallas,NH,env=prod,share dashboard with team
Taylor Johnson,taylor.johnson27@woodgrove.co,1795 Birch Blvd,Boston,HI,os=windows,configure dlp policy
Jamie Taylor,jamie.taylor25@woodgrove.co,5880 Elm Dr,San Jose,MD,os=windows,update billing info
Elliot Garcia,elliot.garcia21@fabrikam.io,4994 Center St,Austin,IN,dataset=reviews,delete my account
Taylor Clark,taylor.clark41@adatum.org,6502 Hillcrest Rd,Austin,UT,env=prod,update billing info
Remy Smith,remy.smith13@northwind.example,7418 Park Ave,Indianapolis,OK,env=dev,enable 2fa
Bailey Garcia,bailey.garcia27@contoso.com,205 Oak St,Kansas City,WY,env=dev,delete my account
Avery Walker,avery.walker61@adatum.org,1386 Broad St,Detroit,KY,tier=premium,how to reset my password?
Taylor Johnson,taylor.johnson92@northwind.example,2120 Pine Rd,Newark,MI,tier=premium,track order status
Bailey Nguyen,bailey.nguyen31@woodgrove.co,7106 Sunset Blvd,Tampa,AK,browser=edge,rotate api keys
Riley Wilson,riley.wilson37@fabrikam.io,4515 Sycamore Pl,San Jose,GA,product=contoso-analytics,add dataset to workspace
Logan Thompson,logan.thompson41@adatum.org,8183 Highland Dr,Newark,OK,os=windows,track order status
Taylor Jones,taylor.jones59@fabrikam.io,6878 Elm Dr,Orlando,ND,env=dev,rollback deployment
Phoenix Harris,phoenix.harris58@adatum.org,7869 Park Ave,Salt Lake City,NY,dataset=reviews,create dataflow in fabric
Emerson Miller,emerson.miller59@adatum.org,2956 Maple Ave,Dallas,RI,env=dev,how to reset my password?
Sage Lee,sage.lee45@contoso.com,7738 Hillcrest Rd,Miami,WY,team=security,share dashboard with team
Riley Garcia,riley.garcia41@fabrikam.io,4376 Park Ave,Kansas City,WV,product=contoso-analytics,share dashboard with team
Kendall Hall,kendall.hall59@adatum.org,2856 Willow Way,Portland,PA,dataset=reviews,enable sso
Blake Hernandez,blake.hernandez13@adatum.org,9310 Broad St,Atlanta,OR,env=dev,assign sensitivity label
Finley Davis,finley.davis32@northwind.example,631 Pine Rd,Austin,IA,team=security,share dashboard with team
Alex Jackson,alex.jackson71@contoso.com,5445 Center St,Phoenix,FL,dataset=reviews,change notification settings
Blake Lee,blake.lee51@contoso.com,369 Birch Blvd,Detroit,VA,feature=ner,enable 2fa
Elliot Jackson,elliot.jackson56@contoso.com,6130 Sunset Blvd,Detroit,CT,dataset=reviews,set up webhooks
Jamie Brown,jamie.brown30@northwind.example,7992 River Rd,Chicago,VA,team=data-eng,add dataset to workspace
Phoenix Wilson,phoenix.wilson38@woodgrove.co,2882 Sunset Blvd,Columbus,WA,region=us-west,set up webhooks
Casey Smith,casey.smith10@woodgrove.co,6425 Broad St,Austin,ID,team=security,api rate limits
Blake Lee,blake.lee88@fabrikam.io,9275 Cedar Ln,Buffalo,NY,feature=ner,api rate limits
Payton Patel,payton.patel40@adatum.org,5244 Willow Way,Orlando,CO,region=us-west,api rate limits
Bailey Harris,bailey.harris43@fabrikam.io,4098 Pine Rd,Miami,KY,tier=premium,how to reset my password?
Jordan Moore,jordan.moore66@northwind.example,2735 Highland Dr,Tampa,MO,dataset=reviews,rollback deployment
Drew Garcia,drew.garcia71@woodgrove.co,3705 Willow Way,San Jose,CA,product=contoso-analytics,set up webhooks
Alex Miller,alex.miller43@contoso.com,1225 River Rd,Chicago,MO,feature=ner,export report to csv
Finley Allen,finley.allen21@adatum.org,9742 Center St,Newark,NM,region=us-west,how to reset my password?
Skyler Martinez,skyler.martinez31@woodgrove.co,7123 Willow Way,Austin,CT,dataset=reviews,schedule a meeting
Avery Taylor,avery.taylor99@woodgrove.co,8859 Sycamore Pl,Pittsburgh,ME,env=prod,share dashboard with team
Morgan Nguyen,morgan.nguyen60@woodgrove.co,9015 Forest Way,Atlanta,AR,dataset=reviews,how to reset my password?
Skyler Patel,skyler.patel47@woodgrove.co,7879 Elm Dr,Boston,AK,env=dev,change notification settings
Harper Davis,harper.davis20@northwind.example,1902 Spruce Ter,Salt Lake City,MT,os=windows,assign sensitivity label
Sage Robinson,sage.robinson43@contoso.com,8924 Sunset Blvd,Chicago,MS,browser=edge,enable sso
Riley Anderson,riley.anderson15@adatum.org,7214 Meadow Ln,Nashville,IA,env=prod,create dataflow in fabric
Jordan Brown,jordan.brown99@contoso.com,1414 Lakeview Ave,Salt Lake City,OH,browser=edge,create dataflow in fabric
Quinn White,quinn.white17@northwind.example,8571 Highland Dr,Minneapolis,UT,os=windows,create dataflow in fabric
Sage Williams,sage.williams70@adatum.org,1303 Sunset Blvd,Newark,VA,product=contoso-analytics,deploy to staging
Kendall Allen,kendall.allen76@woodgrove.co,2425 Cedar Ln,Richmond,NH,feature=ner,change notification settings
Avery Lee,avery.lee34@fabrikam.io,709 Highland Dr,Denver,UT,browser=edge,schedule a meeting
Remy Martinez,remy.martinez28@woodgrove.co,4235 River Rd,Buffalo,WA,tier=premium,export report to csv
Drew White,drew.white60@woodgrove.co,5353 Sycamore Pl,Cleveland,NJ,product=contoso-analytics,add dataset to workspace
Kendall Jackson,kendall.jackson63@contoso.com,6800 Birch Blvd,Atlanta,OR,team=security,create dataflow in fabric
Dakota Garcia,dakota.garcia23@woodgrove.co,1664 Spruce Ter,St. Louis,OH,dataset=reviews,rotate api keys
Rowan Moore,rowan.moore93@northwind.example,9382 Center St,Tampa,AZ,feature=ner,update billing info
Drew Brown,drew.brown89@woodgrove.co,6591 Oak St,Charlotte,MI,region=us-west,share dashboard with team
Jordan Rodriguez,jordan.rodriguez70@adatum.org,6112 Maple Ave,Dallas,MD,env=prod,update billing info
Remy Thomas,remy.thomas99@contoso.com,3744 Birch Blvd,Columbus,WV,os=windows,api rate limits
Rowan Rodriguez,rowan.rodriguez63@woodgrove.co,1472 Elm Dr,San Jose,IN,browser=edge,assign sensitivity label
Dakota Jackson,dakota.jackson57@contoso.com,8452 Willow Way,Denver,MD,region=us-west,deploy to staging
Drew Brown,drew.brown77@woodgrove.co,484 Willow Way,Phoenix,IL,product=contoso-analytics,share dashboard with team
Jordan Anderson,jordan.anderson16@adatum.org,3272 Sycamore Pl,Miami,NJ,team=data-eng,create service principal
Harper Young,harper.young25@contoso.com,3973 Lakeview Ave,Tampa,RI,os=windows,change notification settings
Elliot Thomas,elliot.thomas85@woodgrove.co,5740 Lakeview Ave,Chicago,KY,region=us-west,export report to csv
Reese Harris,reese.harris59@contoso.com,2679 Broad St,Richmond,IN,env=dev,share dashboard with team
Cameron Johnson,cameron.johnson44@northwind.example,8419 Maple Ave,St. Louis,WY,region=us-east,how to reset my password?
Hayden Young,hayden.young26@fabrikam.io,9859 Maple Ave,Portland,KY,team=security,set up webhooks
Sawyer Clark,sawyer.clark92@adatum.org,6953 Sunset Blvd,St. Louis,MN,os=windows,update billing info
Avery Anderson,avery.anderson48@woodgrove.co,6516 Broad St,Boston,AL,team=data-eng,enable sso
Finley Martinez,finley.martinez86@woodgrove.co,4641 Spruce Ter,Pittsburgh,CT,os=windows,export report to csv
Jamie Jones,jamie.jones91@adatum.org,4546 Sycamore Pl,Orlando,VA,region=us-east,set up webhooks
Avery Brown,avery.brown76@fabrikam.io,940 Center St,Charlotte,TX,dataset=reviews,delete my account
Payton Harris,payton.harris93@northwind.example,4853 Sycamore Pl,Buffalo,NE,browser=edge,create service principal
Payton Nguyen,payton.nguyen84@woodgrove.co,3121 River Rd,Indianapolis,VA,env=dev,rollback deployment
Harper Lee,harper.lee70@adatum.org,8321 Spruce Ter,St. Louis,HI,region=us-east,rollback deployment
Riley Davis,riley.davis22@northwind.example,2106 Sycamore Pl,Indianapolis,OK,feature=ner,api rate limits
Harper Patel,harper.patel38@adatum.org,3669 Spruce Ter,San Diego,MI,dataset=reviews,update billing info
Kendall Davis,kendall.davis69@contoso.com,7719 Oak St,St. Louis,SD,team=security,create dataflow in fabric
Logan Patel,logan.patel70@fabrikam.io,8209 Cedar Ln,St. Louis,UT,browser=edge,deploy to staging
Reese Taylor,reese.taylor16@fabrikam.io,2260 Elm Dr,Dallas,NE,team=security,configure dlp policy
Casey Miller,casey.miller33@contoso.com,7998 River Rd,Orlando,ID,dataset=reviews,track order status
Alex Anderson,alex.anderson45@fabrikam.io,2772 Broad St,Richmond,HI,os=windows,export report to csv
Casey Thompson,casey.thompson65@northwind.example,6619 Highland Dr,Tampa,MO,product=contoso-analytics,track order status
Finley Johnson,finley.johnson57@contoso.com,5289 Hillcrest Rd,Phoenix,AK,region=us-east,how to reset my password?
Harper Rodriguez,harper.rodriguez41@fabrikam.io,5651 Spruce Ter,Atlanta,CT,browser=edge,deploy to staging
Kendall Davis,kendall.davis31@contoso.com,759 Spruce Ter,Columbus,NJ,region=us-west,deploy to staging
Logan Jackson,logan.jackson53@northwind.example,2202 River Rd,Newark,NY,dataset=reviews,schedule a meeting
Riley Young,riley.young61@contoso.com,3752 Aspen Ct,Indianapolis,FL,env=dev,how to reset my password?
Kendall Jackson,kendall.jackson31@contoso.com,6016 Oak St,Charlotte,SD,env=prod,rollback deployment
Logan Nguyen,logan.nguyen86@contoso.com,1781 Maple Ave,Austin,VT,tier=premium,rotate api keys
Bailey Moore,bailey.moore25@woodgrove.co,4150 Forest Way,Cincinnati,GA,env=dev,how to reset my password?
Reese Taylor,reese.taylor94@contoso.com,8534 Sycamore Pl,Raleigh,RI,region=us-west,delete my account
Skyler Walker,skyler.walker23@woodgrove.co,1938 Spruce Ter,Boston,CT,os=windows,schedule a meeting
Logan Johnson,logan.johnson43@woodgrove.co,3314 Lakeview Ave,Cincinnati,NE,env=prod,change notification settings
Jordan White,jordan.white73@fabrikam.io,7885 River Rd,Portland,AL,product=contoso-analytics,export report to csv
Blake Garcia,blake.garcia83@northwind.example,2453 Pine Rd,Richmond,NC,tier=premium,enable 2fa
Sage Jones,sage.jones92@fabrikam.io,7493 Spruce Ter,Nashville,NJ,product=contoso-analytics,enable 2fa
Remy Smith,remy.smith15@adatum.org,5911 River Rd,San Diego,WV,tier=premium,enable 2fa
Elliot Lewis,elliot.lewis15@contoso.com,2277 Willow Way,Dallas,MN,os=windows,add dataset to workspace
Rowan Allen,rowan.allen21@adatum.org,5625 Willow Way,Boston,MT,browser=edge,configure dlp policy
Rowan Walker,rowan.walker59@northwind.example,6919 Willow Way,Boston,FL,region=us-west,track order status
Elliot Smith,elliot.smith23@northwind.example,9688 Forest Way,Salt Lake City,OR,region=us-east,configure dlp policy
Riley Thompson,riley.thompson58@adatum.org,482 Birch Blvd,Tampa,NY,tier=premium,rotate api keys
